Workbook

Sheet high ticket size drivers
A1: item_name | B1: avg_revenue_share_percent | C1: avg_order_price_with_item
A2: Meat Lasagna | B2: =VLOOKUP($A2, avg_revenue_share_percent!$B:$D, 3, FALSE) -> 43.88 | C2: 45.18284
A3: Pork Ramen | B3: =VLOOKUP($A3, avg_revenue_share_percent!$B:$D, 3, FALSE) -> 44.46 | C3: 44.711858
A4: Spaghetti & Meatballs | B4: =VLOOKUP($A4, avg_revenue_share_percent!$B:$D, 3, FALSE) -> 44.91 | C4: 44.26788
A5: Shrimp Scampi | B5: =VLOOKUP($A5, avg_revenue_share_percent!$B:$D, 3, FALSE) -> 49.07 | C5: 44.181737
A6: Korean Beef Bowl | B6: =VLOOKUP($A6, avg_revenue_share_percent!$B:$D, 3, FALSE) -> 46.21 | C6: 43.176551
A7: Chicken Parmesan | B7: =VLOOKUP($A7, avg_revenue_share_percent!$B:$D, 3, FALSE) -> 45.62 | C7: 43.046761
A8: Mushroom Ravioli | B8: =VLOOKUP($A8, avg_revenue_share_percent!$B:$D, 3, FALSE) -> 40.34 | C8: 42.309388
A9: Eggplant Parmesan | B9: =VLOOKUP($A9, avg_revenue_share_percent!$B:$D, 3, FALSE) -> 43.9 | C9: 41.983333
A10: Orange Chicken | B10: =VLOOKUP($A10, avg_revenue_share_percent!$B:$D, 3, FALSE) -> 43.47 | C10: 41.442462
A11: Salmon Roll | B11: =VLOOKUP($A11, avg_revenue_share_percent!$B:$D, 3, FALSE) -> 40.51 | C11: 41.198283
A12: Cheese Lasagna | B12: =VLOOKUP($A12, avg_revenue_share_percent!$B:$D, 3, FALSE) -> 41.72 | C12: 40.807285
A13: Spaghetti | B13: =VLOOKUP($A13, avg_revenue_share_percent!$B:$D, 3, FALSE) -> 39.14 | C13: 40.761176
... A33: Edamame | B33: =VLOOKUP($A33, avg_revenue_share_percent!$B:$D, 3, FALSE) -> 19.93 | C33: 31.823165

Sheet avg_revenue_share_percent
A1: item_id | B1: item_name | C1: orders_with_item | D1: avg_revenue_share_percent
A2: 130 | B2: Shrimp Scampi | C2: 167 | D2: 49.07
A3: 109 | B3: Korean Beef Bowl | C3: 403 | D3: 46.21
A4: 131 | B4: Chicken Parmesan | C4: 247 | D4: 45.62
A5: 125 | B5: Spaghetti & Meatballs | C5: 316 | D5: 44.91
A6: 110 | B6: Pork Ramen | C6: 253 | D6: 44.46
A7: 132 | B7: Eggplant Parmesan | C7: 291 | D7: 43.9
A8: 127 | B8: Meat Lasagna | C8: 169 | D8: 43.88
A9: 107 | B9: Orange Chicken | C9: 325 | D9: 43.47
A10: 126 | B10: Fettuccine Alfredo | C10: 184 | D10: 41.72
A11: 128 | B11: Cheese Lasagna | C11: 151 | D11: 41.72
A12: 118 | B12: Steak Burrito | C12: 232 | D12: 41.41
A13: 102 | B13: Cheeseburger | C13: 390 | D13: 41.09
... A33: 113 | B33: Edamame | C33: 436 | D33: 19.93
